checkpoint,layer,pos,source,grp,n,t,off_axis,t_lo,t_hi,off_lo,off_hi
base__none,8,last_prompt,all,pseudo_all,1114,-0.046282443747447895,1.057695825958152,-0.07663454372368216,0.0011415461573776047,0.9870632207329699,1.1237587068037276
base__none,8,last_prompt,all,pseudo_acc,888,-0.04419621288014569,1.0623914832108161,-0.07992562746932591,0.0030966480841445126,0.9855879077397874,1.1319491596613966
base__none,8,last_prompt,all,pseudo_ref,226,-0.05447966617604707,1.0679945788522687,-0.09219164771664237,-0.003854868023471668,0.9921303632218722,1.1455347682617294
base__none,8,last_prompt,false_reject,pseudo_acc,328,0.08093174327027547,1.3917850942476881,0.034351530457989235,0.14162603602155222,1.2953050017923762,1.4673471480672529
base__none,8,last_prompt,false_reject,pseudo_ref,80,0.056748341784937546,1.3990066192410495,0.005675467044951832,0.1273912719318328,1.313613014003781,1.4941874356471614
base__none,8,last_prompt,or_bench,pseudo_acc,324,-0.041665962362647496,1.2776157833502602,-0.07596362295056754,0.009705890218426846,1.2002937994800975,1.3499592429303608
base__none,8,last_prompt,or_bench,pseudo_ref,66,0.011707437589655935,1.233947930580176,-0.05071912187363448,0.09696959282813208,1.1473172872479926,1.3427310038916578
base__none,8,last_prompt,xstest,pseudo_acc,236,-0.22157659947357214,1.2222775604705047,-0.2664432349388659,-0.1679220815014997,1.1371340440817628,1.296553243225748
base__none,8,last_prompt,xstest,pseudo_ref,80,-0.2203120369626446,1.4536526118839928,-0.2679487478675012,-0.16172379346997975,1.329556340647264,1.5753577988025156
base__none,8,first_gen,all,pseudo_all,1114,0.32982412969162517,1.1292723236189695,0.23864562923478047,0.4218008722451781,1.0585332424552683,1.1818267900567905
base__none,8,first_gen,all,pseudo_acc,888,0.3407984423236298,1.1549253651341127,0.24339779268020806,0.4473450169969462,1.0827710212675448,1.2012254781083787
base__none,8,first_gen,all,pseudo_ref,226,0.28670381714562126,1.090008584240208,0.1996399928656033,0.38808990296606066,1.019377865515875,1.1658704121012013
base__none,8,first_gen,false_reject,pseudo_acc,328,0.5046872613259407,1.548654939901962,0.37741708175397015,0.6419735593394544,1.4518956469898403,1.604913838904191
base__none,8,first_gen,false_reject,pseudo_ref,80,0.4763403699802824,1.5459384493152875,0.33842965375660666,0.6096887640470393,1.4597265215477224,1.6366970677831163
base__none,8,first_gen,or_bench,pseudo_acc,324,0.5762097023896492,1.614133355803914,0.4297806834291288,0.7211691855211717,1.5190395273014228,1.6891546533949224
base__none,8,first_gen,or_bench,pseudo_ref,66,0.5929317141267907,1.569694370624342,0.44082247945725084,0.7505112090897622,1.4877735469869322,1.6746775278999637
base__none,8,first_gen,xstest,pseudo_acc,236,-0.21017098231254439,1.2940060795790533,-0.24395805602487397,-0.14365975166946213,1.2010709250801028,1.3990807968532422
base__none,8,first_gen,xstest,pseudo_ref,80,-0.1555707469678051,1.5342388169161394,-0.19712935792127154,-0.08771829803029818,1.407823564622882,1.6900739879815396
base__none,19,last_prompt,all,pseudo_all,1114,-0.21842410432806555,1.1647491805781618,-0.2558894516329548,-0.16746256949227933,1.0901863299040255,1.2581139813097062
base__none,19,last_prompt,all,pseudo_acc,888,-0.2188604531391792,1.16932019826139,-0.26265973876397636,-0.1641379158218039,1.0885385189534247,1.2598840472870894
base__none,19,last_prompt,all,pseudo_ref,226,-0.21670963214356567,1.1760684508244141,-0.26317046685675294,-0.16103099552861294,1.0919401847571697,1.2804936115917103
base__none,19,last_prompt,false_reject,pseudo_acc,328,-0.17804324942942534,1.4046580100072363,-0.2278854406772943,-0.10689343455101107,1.3164267945912478,1.4978882236774016
base__none,19,last_prompt,false_reject,pseudo_ref,80,-0.19635316085218066,1.3799099226934113,-0.26733846627731445,-0.1154183293158701,1.2864836505019615,1.4960907225993076
base__none,19,last_prompt,or_bench,pseudo_acc,324,-0.22308065642653227,1.3578887877842616,-0.26652599306235036,-0.1682735395639679,1.2686782794728197,1.4734538475132881
base__none,19,last_prompt,or_bench,pseudo_ref,66,-0.17422776916954913,1.2449419605554986,-0.243653260730376,-0.09075322353628928,1.1498737351327464,1.3898212280492268
base__none,19,last_prompt,xstest,pseudo_acc,236,-0.2697955927740857,1.4226215303211567,-0.3230685696493985,-0.2028001616101863,1.3444304754216685,1.527595765890132
base__none,19,last_prompt,xstest,pseudo_ref,80,-0.2721136337444769,1.5680060586762554,-0.32944494140061326,-0.20238599238321456,1.478359391219472,1.6922255198625618
base__none,19,first_gen,all,pseudo_all,1114,0.55375590946622,1.4149622383050702,0.4482929004122132,0.6493312129017715,1.317457105059537,1.4760102001173496
base__none,19,first_gen,all,pseudo_acc,888,0.5467061075985902,1.4564264681585561,0.4424561018958673,0.6469446389364605,1.3501110764179245,1.5228972249062083
base__none,19,first_gen,all,pseudo_ref,226,0.5814560684266311,1.3364635785283319,0.47816467602349316,0.6797823154447765,1.2341405385787212,1.443896745210307
base__none,19,first_gen,false_reject,pseudo_acc,328,0.6732403156077118,1.9956659872396887,0.5148917118782897,0.8097497931565012,1.876964420196214,2.0665439729775033
base__none,19,first_gen,false_reject,pseudo_ref,80,0.6859261640813985,1.931420467405192,0.5299790860719177,0.8375697292417585,1.8276566937353567,2.038369041614113
base__none,19,first_gen,or_bench,pseudo_acc,324,0.745866115085996,2.117283213082175,0.580807134639111,0.898391134891321,1.9784580300494876,2.2084489960326117
base__none,19,first_gen,or_bench,pseudo_ref,66,0.8261893573366451,2.0561517470564112,0.6563083265420857,0.9788384343686103,1.907774446395144,2.275958990333026
base__none,19,first_gen,xstest,pseudo_acc,236,0.0974219541386928,1.5503274129462858,0.03900314225107933,0.1824016656833193,1.4099885244507753,1.682547472830187
base__none,19,first_gen,xstest,pseudo_ref,80,0.2750810174526858,1.8933204427765464,0.1869584599001282,0.3736770163136704,1.6929582640021992,2.1544530748163218
base__none,26,last_prompt,all,pseudo_all,1114,-0.14182720458086942,1.1677702870885243,-0.17895794738074453,-0.09228744511279532,1.0956239697415662,1.2404589271944861
base__none,26,last_prompt,all,pseudo_acc,888,-0.14650427844417113,1.1752312837550267,-0.1842601178677878,-0.09872033134834962,1.0975282575674863,1.259661399540962
base__none,26,last_prompt,all,pseudo_ref,226,-0.12345005935885697,1.170541711146507,-0.16719449981619733,-0.06673510059856726,1.095971171603502,1.2711677190431547
base__none,26,last_prompt,false_reject,pseudo_acc,328,-0.13250625075703196,1.470605765377474,-0.1850649536403565,-0.06475992182382243,1.3765839704395184,1.555080331908369
base__none,26,last_prompt,false_reject,pseudo_ref,80,-0.1494500902169522,1.436883304748143,-0.2243488412295755,-0.06431361925359229,1.3311383683209521,1.5496880249469462
base__none,26,last_prompt,or_bench,pseudo_acc,324,-0.18159029705192464,1.3997693873906036,-0.21661995876414433,-0.12763184983382214,1.3053704310462426,1.4949554571068164
base__none,26,last_prompt,or_bench,pseudo_ref,66,-0.13489914720143575,1.2971121387532998,-0.20073422022467266,-0.04628655071380455,1.1782401140807424,1.4550952127926848
base__none,26,last_prompt,xstest,pseudo_acc,236,-0.11779021270580937,1.394125896339535,-0.16918379686811313,-0.05420701617251049,1.3133628985272152,1.4846375363724
base__none,26,last_prompt,xstest,pseudo_ref,80,-0.0880045325805352,1.5543782429399349,-0.13893210332628567,-0.02918354606096907,1.4515771472983738,1.6704779297683057
base__none,26,first_gen,all,pseudo_all,1114,0.6710629515376749,1.25705892597018,0.5777465221907964,0.7429527282776341,1.170685233082269,1.3149319405656448
base__none,26,first_gen,all,pseudo_acc,888,0.6595668704859908,1.2939021680947889,0.5554424734223662,0.7307991491826623,1.2074314982285916,1.341648929111474
base__none,26,first_gen,all,pseudo_ref,226,0.7162333595626882,1.2204953730187085,0.614538323678425,0.7923857097924804,1.141727147221846,1.3278178188408243
base__none,26,first_gen,false_reject,pseudo_acc,328,0.7595994507917808,1.7796475114461388,0.6114345346296426,0.8669374031156953,1.6678640947104153,1.8585948581863814
base__none,26,first_gen,false_reject,pseudo_ref,80,0.7831002616592476,1.738381413233925,0.6210229781819354,0.9145451503270268,1.6590976575118115,1.8732803730097514
base__none,26,first_gen,or_bench,pseudo_acc,324,0.8033288927854522,1.9436485230161138,0.6481854293900882,0.9241036078623306,1.8135283907845832,2.0069582614104093
base__none,26,first_gen,or_bench,pseudo_ref,66,0.8931024850086602,1.9210986368115783,0.7264539959073308,1.0067088386625356,1.777475233303087,2.1164149838240323
base__none,26,first_gen,xstest,pseudo_acc,236,0.32317032434148346,1.6030019206766097,0.23598888411685978,0.43020722482687673,1.4412252853568948,1.7570253596170962
base__none,26,first_gen,xstest,pseudo_ref,80,0.503449454361145,2.033947486696389,0.35889935791129607,0.6402121885042564,1.7802328061699517,2.320291258968983
base__none,31,last_prompt,all,pseudo_all,1114,-0.19467104477240063,0.9309006038034956,-0.23251740038225524,-0.15169245572036597,0.8555483944281024,1.0161695086342115
base__none,31,last_prompt,all,pseudo_acc,888,-0.1997866087522122,0.9433012266166859,-0.24119995019702692,-0.1593101401436936,0.8661958095151837,1.0192280622738699
base__none,31,last_prompt,all,pseudo_ref,226,-0.17457102114586734,0.9056694667044769,-0.22820636086930185,-0.12469141195198596,0.8270148972713748,0.9922913281174346
base__none,31,last_prompt,false_reject,pseudo_acc,328,-0.16374465886421574,1.1586785713090781,-0.2185353611356442,-0.10167835698639763,1.0640876062690832,1.2511962198525837
base__none,31,last_prompt,false_reject,pseudo_ref,80,-0.19125216211388363,1.1317697098805344,-0.25280331238504233,-0.11638713648574332,1.0468735085644125,1.250705054615854
base__none,31,last_prompt,or_bench,pseudo_acc,324,-0.29265391048964395,1.1681321133001095,-0.3367082777274193,-0.2452729432305495,1.0741322174408003,1.2673141131044865
base__none,31,last_prompt,or_bench,pseudo_ref,66,-0.24758515053522817,1.0652519175316704,-0.31740478855865784,-0.16562444928670544,0.9514129121994935,1.2137713864812862
base__none,31,last_prompt,xstest,pseudo_acc,236,-0.12238297733704592,1.0427422910765733,-0.17283750434984826,-0.07516225315632175,0.9756419087907726,1.1230812223657
base__none,31,last_prompt,xstest,pseudo_ref,80,-0.09765321853766326,1.1215554024894252,-0.1453913995310876,-0.053290956614003224,1.0370710097343527,1.2041042196184446
base__none,31,first_gen,all,pseudo_all,1114,0.8691661858816656,1.1916274802648956,0.7592108079328298,0.9385118639755609,1.0999494456812906,1.283116958853794
base__none,31,first_gen,all,pseudo_acc,888,0.8490615232456138,1.2412863207995393,0.7261074215797162,0.9350097011963379,1.1389082998819782,1.3310739263202047
base__none,31,first_gen,all,pseudo_ref,226,0.9481613049723658,1.1121896594419134,0.8299011975413249,1.0268983507835583,1.0255446441868201,1.2527653347355947
base__none,31,first_gen,false_reject,pseudo_acc,328,0.9595988136016129,1.839819100044296,0.7915747391957589,1.0886337766710963,1.7014178238989506,1.94223701011877
base__none,31,first_gen,false_reject,pseudo_ref,80,0.9558841258481146,1.8030808143261523,0.7629174189242375,1.1105981432989105,1.6685308036024193,2.0240351877790994
base__none,31,first_gen,or_bench,pseudo_acc,324,0.9380373152935176,1.968504386217824,0.7666939540256844,1.0812975159315246,1.8061675071245376,2.081475371897106
base__none,31,first_gen,or_bench,pseudo_ref,66,1.0936294636392245,1.9240970610813155,0.889009411925849,1.2631122325448199,1.7807297847986991,2.201605344529694
base__none,31,first_gen,xstest,pseudo_acc,236,0.5732804131837659,1.5622740462437321,0.4369226150697698,0.6951696648679532,1.4116176511866716,1.699782168004928
base__none,31,first_gen,xstest,pseudo_ref,80,0.8204272911628192,1.9259708735087184,0.6217259039884973,0.9980841153116241,1.6625445479222047,2.164476225408245
sft__none,8,last_prompt,all,pseudo_all,1445,-0.0264763405382794,0.945209359058996,-0.05598395577973007,0.009336117750979549,0.8894931192385523,0.9947026074218931
sft__none,8,last_prompt,all,pseudo_acc,695,-0.11807581474622901,0.9480884921845321,-0.14648088578391322,-0.07615232561893256,0.8833673568675395,1.00529981031196
sft__none,8,last_prompt,all,pseudo_ref,750,0.05840590063646663,1.0051550491184214,0.02424327129103895,0.09274809314082416,0.9480702792432595,1.0659820225250263
sft__none,8,last_prompt,false_reject,pseudo_acc,123,-0.049865193918261864,1.2607637785284396,-0.09165211678338657,0.0013203388760896612,1.1974668400569433,1.350403941716167
sft__none,8,last_prompt,false_reject,pseudo_ref,377,0.10187204344169098,1.2204135571587342,0.05704281403399716,0.15337997539732903,1.1577174515434419,1.287280087329007
sft__none,8,last_prompt,or_bench,pseudo_acc,395,-0.07388795407066276,1.1697450025417087,-0.10510014021528431,-0.025926669620815374,1.1025013849437528,1.2341297424761908
sft__none,8,last_prompt,or_bench,pseudo_ref,100,0.035061104409060705,1.0917689812240778,-0.006513396816184404,0.09178009464144368,1.0343921884933645,1.1875336137241685
sft__none,8,last_prompt,xstest,pseudo_acc,177,-0.2640877381618109,1.1234262024150952,-0.3031624286801839,-0.21450557915599133,1.0748276572781408,1.1995521485386889
sft__none,8,last_prompt,xstest,pseudo_ref,273,0.0069324277474680784,1.4150236098993219,-0.04005201264430828,0.05751774674525993,1.3347108104359986,1.498434656803179
sft__none,8,first_gen,all,pseudo_all,1445,0.3506444046397668,0.3456575531957208,0.32141475331991193,0.3853544641383977,0.33034150807249923,0.36914308826660597
sft__none,8,first_gen,all,pseudo_acc,695,-0.15594745172036434,0.48237327869149693,-0.17788306371405854,-0.13024002022485784,0.449105059827245,0.5329403358752007
sft__none,8,first_gen,all,pseudo_ref,750,0.8200861821324364,0.3879760932227573,0.790400123901466,0.8535675018003603,0.3745822202904213,0.40905192329477014
sft__none,8,first_gen,false_reject,pseudo_acc,123,-0.07060356536331519,0.5246554513315876,-0.11973741628088959,-0.027147218196786945,0.5067615144687487,0.6148495361573549
sft__none,8,first_gen,false_reject,pseudo_ref,377,0.7969050330275033,0.44704291647080585,0.7432334163687967,0.8467580112062192,0.43457679781436886,0.4708285594136825
sft__none,8,first_gen,or_bench,pseudo_acc,395,-0.22042132130929057,0.7738729953673665,-0.24974974300654998,-0.18585505898546054,0.7108725758201396,0.8637751160984863
sft__none,8,first_gen,or_bench,pseudo_ref,100,0.7778982217514082,0.32677304621451936,0.6561817459182294,0.8879140066599299,0.3175453420460294,0.39629322730628014
sft__none,8,first_gen,xstest,pseudo_acc,177,-0.07137185830928222,0.5594191866105254,-0.1038758824213826,-0.034456376166997135,0.5316114047563236,0.6283470103426694
sft__none,8,first_gen,xstest,pseudo_ref,273,0.8675517215515607,0.5856505288736764,0.8146639234060202,0.9109070644803394,0.5614132526900498,0.6165707745833313
sft__none,19,last_prompt,all,pseudo_all,1445,0.06872851422865331,1.0153588422408326,0.02821368260778696,0.11294241622761227,0.962379520017473,1.0679865791376313
sft__none,19,last_prompt,all,pseudo_acc,695,-0.08519303657034492,1.0247136317664258,-0.11932481915623298,-0.04027690592174093,0.9710580076595081,1.0909011317064115
sft__none,19,last_prompt,all,pseudo_ref,750,0.21136250402647092,1.0978260723990991,0.17116812175065185,0.25850632002026225,1.0462758913389376,1.1574273473365946
sft__none,19,last_prompt,false_reject,pseudo_acc,123,-0.03371655596695267,1.2531121875051099,-0.08663747011176763,0.041810124140060086,1.1950882953854485,1.3530069628827144
sft__none,19,last_prompt,false_reject,pseudo_ref,377,0.23523400762621854,1.235413470511832,0.19089239071347117,0.2863959954151245,1.1763935546953206,1.3036434020603365
sft__none,19,last_prompt,or_bench,pseudo_acc,395,-0.06623755010717805,1.2279344171102597,-0.10350982352426692,-0.01598540145175427,1.1675018719403734,1.3022476368463884
sft__none,19,last_prompt,or_bench,pseudo_ref,100,0.0814702981769428,1.161983363136895,0.03423140277634256,0.1545462186671446,1.1026576182604282,1.2742852121531218
sft__none,19,last_prompt,xstest,pseudo_acc,177,-0.16326661261062275,1.1581618415738701,-0.19994688958287146,-0.10859916251717096,1.1152796761284414,1.2353095889566978
sft__none,19,last_prompt,xstest,pseudo_ref,273,0.2259766676007461,1.4421591126986857,0.173757984239639,0.2845587765512586,1.3800038336198168,1.5209489293525145
sft__none,19,first_gen,all,pseudo_all,1445,0.3818983642214864,0.2545705627145385,0.35382964558938906,0.4108634475959217,0.24756181648166453,0.26792415412924053
sft__none,19,first_gen,all,pseudo_acc,695,-0.05893189974444646,0.3334087019280046,-0.07389510016191894,-0.043675541027442796,0.30720239090046036,0.3679569268377799
sft__none,19,first_gen,all,pseudo_ref,750,0.7904010901963834,0.33280314083417745,0.7509308949872076,0.8237800415237667,0.319842890207586,0.3488450457683421
sft__none,19,first_gen,false_reject,pseudo_acc,123,-0.033185081225661696,0.377192911493316,-0.058855141115014456,-0.006059312545939923,0.36242350030852616,0.42954783627899973
sft__none,19,first_gen,false_reject,pseudo_ref,377,0.7757548456999779,0.4277903780796502,0.734169300286332,0.8189811375771183,0.41124909256088604,0.4479170105936603
sft__none,19,first_gen,or_bench,pseudo_acc,395,-0.08640051863519103,0.5192432508753212,-0.10281453324049909,-0.06895343841437762,0.4771867820765753,0.5759351178612643
sft__none,19,first_gen,or_bench,pseudo_ref,100,0.6707638530194321,0.405926219071554,0.5782132891897667,0.7514947133296097,0.37667274635595394,0.45883317161493753
sft__none,19,first_gen,xstest,pseudo_acc,177,-0.015523733470096387,0.3518864084328887,-0.03305684876157255,0.0042472404418392815,0.335403057319078,0.39122755151530125
sft__none,19,first_gen,xstest,pseudo_ref,273,0.8544500321041752,0.4335635159006739,0.8041146838224881,0.9087571836039962,0.4139859673074918,0.4637050075373649
sft__none,26,last_prompt,all,pseudo_all,1445,0.046871178169323506,0.8829391888199986,0.02325924574941189,0.08226157698538776,0.8353981830802574,0.9285882224137804
sft__none,26,last_prompt,all,pseudo_acc,695,-0.07488523938961275,0.9020249956530293,-0.10045154504514214,-0.03940337111358045,0.8542044990649207,0.9619393151728918
sft__none,26,last_prompt,all,pseudo_ref,750,0.15969880828808372,0.9475191121854037,0.13259119442686687,0.2017996043221388,0.8917708934897518,0.9912621338859952
sft__none,26,last_prompt,false_reject,pseudo_acc,123,-0.03550640403443548,1.108557062488673,-0.0797676869467914,0.022059050961246853,1.0695414343282692,1.1958701330413588
sft__none,26,last_prompt,false_reject,pseudo_ref,377,0.18327176197384598,1.0442980739294727,0.14565119381514424,0.22890991355158158,0.9939326083252549,1.1069615911996031
sft__none,26,last_prompt,or_bench,pseudo_acc,395,-0.05512909601432863,1.0749221160048479,-0.08443585777535949,-0.010175592703286015,1.0205920761907155,1.1388286259766582
sft__none,26,last_prompt,or_bench,pseudo_ref,100,0.04903059876220174,1.0132220771848126,0.004203887994000503,0.10093488317480903,0.9694513088058152,1.1296928610545514
sft__none,26,last_prompt,xstest,pseudo_acc,177,-0.14633875340261723,1.0759311668671223,-0.17904774087013467,-0.09763173520599976,1.0325319825691845,1.1527009837126545
sft__none,26,last_prompt,xstest,pseudo_ref,273,0.16768348122717108,1.298109253130277,0.12663801405298836,0.22036795639704015,1.2296967360941744,1.359646644331133
sft__none,26,first_gen,all,pseudo_all,1445,0.38011144387922646,0.20532141929858586,0.35196100878374903,0.4093207589635584,0.1995712868962335,0.21692486253200063
sft__none,26,first_gen,all,pseudo_acc,695,-0.053348053022202954,0.252139263698697,-0.0629118004039003,-0.03991948891395089,0.23395042283557715,0.2787097910592288
sft__none,26,first_gen,all,pseudo_ref,750,0.7817839127320159,0.3084742874810119,0.7468467639805956,0.8142831323903578,0.2939807281674715,0.3266233863930221
sft__none,26,first_gen,false_reject,pseudo_acc,123,-0.044953057068724996,0.27872594295803466,-0.0621466183181498,-0.025224889819988223,0.2768897456446892,0.325436738497885
sft__none,26,first_gen,false_reject,pseudo_ref,377,0.7648964674213665,0.4240784298232085,0.7116356260687074,0.8098935225298223,0.40524353048251327,0.4481796252245691
sft__none,26,first_gen,or_bench,pseudo_acc,395,-0.06881769655503579,0.38926913458433526,-0.08045824510584468,-0.05488047703256686,0.3573755676736617,0.43163905634693517
sft__none,26,first_gen,or_bench,pseudo_ref,100,0.6571388918730589,0.40777815979752835,0.5601726176265113,0.7444968614441482,0.37483936324373485,0.4672268013519738
sft__none,26,first_gen,xstest,pseudo_acc,177,-0.024659214060681698,0.26882460509009565,-0.03906388049056313,-0.008115676305516429,0.26429990973108725,0.30807492270273723
sft__none,26,first_gen,xstest,pseudo_ref,273,0.8507621916017248,0.37460064167072704,0.801913341316027,0.8987933759849779,0.35601108619914373,0.4018842762617476
sft__none,31,last_prompt,all,pseudo_all,1445,-0.1947116297860287,0.6815924570775295,-0.2242519955321241,-0.15559148949125917,0.6353661099043144,0.7338637812631248
sft__none,31,last_prompt,all,pseudo_acc,695,-0.28182828657431497,0.6856427534654,-0.30973839479042997,-0.24151973109050898,0.6377192427178447,0.7468906406733922
sft__none,31,last_prompt,all,pseudo_ref,750,-0.11398350148074243,0.7233904529329355,-0.14452008514800077,-0.07848370042292671,0.6780015514412545,0.7732771735561241
sft__none,31,last_prompt,false_reject,pseudo_acc,123,-0.22937660794535658,0.8127286230874435,-0.27648245225044243,-0.16697808326791988,0.7709445298721729,0.8927218973119174
sft__none,31,last_prompt,false_reject,pseudo_ref,377,-0.09514282355514417,0.7920605641675001,-0.13805109982728084,-0.04436005609199853,0.7449785455960418,0.851269698962364
sft__none,31,last_prompt,or_bench,pseudo_acc,395,-0.30888545471303336,0.7829782414963236,-0.3431030678953664,-0.2639966951739785,0.7282406221674405,0.8482745934538123
sft__none,31,last_prompt,or_bench,pseudo_ref,100,-0.2710178799682438,0.7675183612146955,-0.3089451408513391,-0.2054747107925656,0.7281774709693395,0.8593145267143413
sft__none,31,last_prompt,xstest,pseudo_acc,177,-0.2578958335167284,0.7834880786191796,-0.2898859388240369,-0.21362292439565297,0.7451645080308898,0.8479273420189662
sft__none,31,last_prompt,xstest,pseudo_ref,273,-0.082479826213606,0.9253195659126523,-0.11147775769304934,-0.044042723718783636,0.8677751430828271,0.9881162624806975
sft__none,31,first_gen,all,pseudo_all,1445,0.37531966508402703,0.2071122357922558,0.34366509240609944,0.4044300211578261,0.1980316591020318,0.22317657408984007
sft__none,31,first_gen,all,pseudo_acc,695,-0.10832792874261142,0.3286094089000534,-0.12592255075315517,-0.08846891240845361,0.29726064888862813,0.3750939036243817
sft__none,31,first_gen,all,pseudo_ref,750,0.8234997908442734,0.25684855985704624,0.7872962254019537,0.8567183187674731,0.24526833659104316,0.2743536350485384
sft__none,31,first_gen,false_reject,pseudo_acc,123,-0.0530995045877954,0.3307964267105625,-0.08668116505453012,-0.013549589045460532,0.32274081594402737,0.3919705549766334
sft__none,31,first_gen,false_reject,pseudo_ref,377,0.7919803609270614,0.3647572778461155,0.7410202120656467,0.8403396735062506,0.34887146170179556,0.38880272336268984
sft__none,31,first_gen,or_bench,pseudo_acc,395,-0.180494264726568,0.540989552300257,-0.20648859565518676,-0.15435574504822183,0.4826472891630901,0.610223197917376
sft__none,31,first_gen,or_bench,pseudo_ref,100,0.7086433713927408,0.35340365449767236,0.6229717335765173,0.8102021015917807,0.33250568334029307,0.4042193045385945
sft__none,31,first_gen,xstest,pseudo_acc,177,0.014342163607236766,0.3433709062507861,-0.011579472577724185,0.04520134869977912,0.32752080456382787,0.3969851499064435
sft__none,31,first_gen,xstest,pseudo_ref,273,0.9090985860376081,0.32987825081629835,0.8573811972761285,0.9486003743904857,0.31478117580734033,0.35561051066059157
dpo__none,8,last_prompt,all,pseudo_all,1449,-0.03027215536770328,0.9494096274736099,-0.058144132144861846,0.006047716934276359,0.8982313398791225,1.0049863492846538
dpo__none,8,last_prompt,all,pseudo_acc,814,-0.11041751473953308,0.9397737804932176,-0.14203744090656983,-0.07261895595537841,0.884346179169896,1.0015680100654558
dpo__none,8,last_prompt,all,pseudo_ref,635,0.07246536089139284,1.0383731225539636,0.03730292270956649,0.11135064792626731,0.9823338566628614,1.09756795444042
dpo__none,8,last_prompt,false_reject,pseudo_acc,169,-0.048810187583322735,1.274589778606287,-0.08824914745105568,-0.005284483151426687,1.207166597775909,1.357527853229111
dpo__none,8,last_prompt,false_reject,pseudo_ref,331,0.11360406275812289,1.223113812240198,0.06435133675911178,0.16890533597200533,1.1580972414309867,1.2984420005341317
dpo__none,8,last_prompt,or_bench,pseudo_acc,433,-0.063018840102163,1.1557889222477262,-0.09848052576810316,-0.01924570378017589,1.0876264302305023,1.220046869009174
dpo__none,8,last_prompt,or_bench,pseudo_ref,67,0.01956680618452867,1.1063449282458129,-0.03660561712361756,0.10641220223759834,1.0532485974361836,1.2146820942824048
dpo__none,8,last_prompt,xstest,pseudo_acc,212,-0.256338576180078,1.1329822988732858,-0.2945407914442172,-0.20895952527883238,1.0740392194144563,1.2050818262183043
dpo__none,8,last_prompt,xstest,pseudo_ref,237,0.02996450255939078,1.4710500052467008,-0.016580140652363483,0.08093211261025432,1.3853431631907165,1.573198331052636
dpo__none,8,first_gen,all,pseudo_all,1449,0.28748767662565705,0.3342990746267959,0.2615018391637057,0.3192799661978642,0.32176844817487527,0.3546389607967791
dpo__none,8,first_gen,all,pseudo_acc,814,-0.09465783021342633,0.40421400719454204,-0.11311083887513328,-0.07319895936177659,0.3852478505285848,0.4410191256239386
dpo__none,8,first_gen,all,pseudo_ref,635,0.7773560967289724,0.3862042621588418,0.7399377149825521,0.8156588376330304,0.37235111829939727,0.4069191906762173
dpo__none,8,first_gen,false_reject,pseudo_acc,169,-0.026059144259468932,0.5463692028176359,-0.06714213410193112,0.023596561427836813,0.5229488339354446,0.6136971930772092
dpo__none,8,first_gen,false_reject,pseudo_ref,331,0.7072243736276319,0.42685298636520597,0.6490185217664809,0.7677670020288002,0.4164125874408032,0.4490655155509941
dpo__none,8,first_gen,or_bench,pseudo_acc,433,-0.14927309651804285,0.6431966388469389,-0.17219180041969878,-0.12385369046819465,0.5995012767287904,0.7022466356200084
dpo__none,8,first_gen,or_bench,pseudo_ref,67,0.5539252750889476,0.3914757835396486,0.39687593609677696,0.6871943095376671,0.36506632610998335,0.5111291928715749
dpo__none,8,first_gen,xstest,pseudo_acc,212,-0.03779357576984557,0.5809077883583815,-0.06479561514258331,-0.0015662743368704307,0.5502889259361178,0.6399475762479024
dpo__none,8,first_gen,xstest,pseudo_ref,237,0.9384677543670763,0.5861030524330149,0.8928145357199272,0.9874303293440371,0.5634136895146181,0.6195269315277574
dpo__none,19,last_prompt,all,pseudo_all,1449,0.07641804547672343,1.010421655894579,0.04452823671313265,0.11866686923918732,0.9648196227328243,1.0617046878465841
dpo__none,19,last_prompt,all,pseudo_acc,814,-0.07283469948601455,0.9996950401718931,-0.10141214035413733,-0.02591185898043981,0.950096828940605,1.0532362964122084
dpo__none,19,last_prompt,all,pseudo_ref,635,0.26774360980433,1.1431737263972792,0.2202193324017202,0.31906010865040335,1.0933768788717597,1.2036316026544276
dpo__none,19,last_prompt,false_reject,pseudo_acc,169,-0.015623455312934171,1.2459336365006133,-0.050272106354696415,0.03851082258358539,1.1959164715105182,1.3231085885398228
dpo__none,19,last_prompt,false_reject,pseudo_ref,331,0.2747546551913003,1.231343821738228,0.2254014595713929,0.3321859679238865,1.1726502130236547,1.302430557663517
dpo__none,19,last_prompt,or_bench,pseudo_acc,433,-0.064639759513743,1.198253315502884,-0.09657836107669858,-0.018487131658013897,1.139019853962208,1.2589161350154596
dpo__none,19,last_prompt,or_bench,pseudo_ref,67,0.13512780672936292,1.1795684119280336,0.07651295239899493,0.20128801474513336,1.1247619794098334,1.3166892603454936
dpo__none,19,last_prompt,xstest,pseudo_acc,212,-0.13517949104606072,1.149540150899442,-0.17201784687142752,-0.08569593339695859,1.1043271797524479,1.2162690541505157
dpo__none,19,last_prompt,xstest,pseudo_ref,237,0.2954423986114405,1.521442628581923,0.2324369146461366,0.3498223880320646,1.451271628908986,1.60240918382404
dpo__none,19,first_gen,all,pseudo_all,1449,0.3325623177885662,0.2331384806543513,0.30730326098244143,0.359904918384572,0.22657679089306726,0.24665449482563043
dpo__none,19,first_gen,all,pseudo_acc,814,-0.014478857388829024,0.26681054732068044,-0.02407704908952752,-0.0037974063144604526,0.25729401991995793,0.2883998203839701
dpo__none,19,first_gen,all,pseudo_ref,635,0.7774308286844294,0.31452227840124175,0.7404661951269939,0.8183091766901961,0.3046341615862001,0.33010461381031403
dpo__none,19,first_gen,false_reject,pseudo_acc,169,0.011729824140601206,0.3959191443591326,-0.011454696707698879,0.042518696349382226,0.37930825201689955,0.43488109053652574
dpo__none,19,first_gen,false_reject,pseudo_ref,331,0.7068483408523561,0.3943156100573974,0.651957163601563,0.7613052485109516,0.3813567543695236,0.419548513800112
dpo__none,19,first_gen,or_bench,pseudo_acc,433,-0.027205425661863205,0.4241311174190547,-0.04034918132328875,-0.01263347158480444,0.39629803672313746,0.4570690937050009
dpo__none,19,first_gen,or_bench,pseudo_ref,67,0.5595366136191247,0.33621607614334703,0.42941417707294277,0.6798792729102374,0.33037712370666233,0.39675040086243285
dpo__none,19,first_gen,xstest,pseudo_acc,212,-0.009378192544840762,0.3651611309175438,-0.022741614259264124,0.008313770407797816,0.34903987658057306,0.3988295057375669
dpo__none,19,first_gen,xstest,pseudo_ref,237,0.9376068457673423,0.4521759401368862,0.8850254060753134,0.9873564222817856,0.4341936530963229,0.4768898309668421
dpo__none,26,last_prompt,all,pseudo_all,1449,0.05460723782960127,0.8743974317333814,0.028184448729884425,0.08867769676577514,0.8320484762152953,0.918060675414149
dpo__none,26,last_prompt,all,pseudo_acc,814,-0.0634691472139757,0.871220470411093,-0.08671343744100919,-0.028383270731015618,0.8322499015677721,0.9304443887867979
dpo__none,26,last_prompt,all,pseudo_ref,635,0.20596816875607835,0.9849905279617206,0.17099751361338075,0.24914930386990347,0.9488045749436949,1.0360848937952556
dpo__none,26,last_prompt,false_reject,pseudo_acc,169,-0.016513939010599134,1.0848320899289057,-0.050985133102244326,0.029499218448772502,1.0501626281237018,1.1699213867457292
dpo__none,26,last_prompt,false_reject,pseudo_ref,331,0.21400095520919013,1.0394006717684685,0.17402614615800896,0.26020434267903214,0.9992727874573285,1.1035597606251892
dpo__none,26,last_prompt,or_bench,pseudo_acc,433,-0.05236738256667876,1.0376359157152464,-0.0775785486708648,-0.013885065848052519,0.9909125880624644,1.0954141071789671
dpo__none,26,last_prompt,or_bench,pseudo_ref,67,0.1112958897167721,1.0059782532826074,0.05136994648843439,0.18186523036608898,0.9879242539485515,1.1413954397822321
dpo__none,26,last_prompt,xstest,pseudo_acc,212,-0.12357527023086483,1.0622153085377846,-0.15545156270976757,-0.07627682496947023,1.027945186807171,1.1293162575355131
dpo__none,26,last_prompt,xstest,pseudo_ref,237,0.22151329916180337,1.3592983866688244,0.18291512548813535,0.2705688906521497,1.2995713225882704,1.4326034970144408
dpo__none,26,first_gen,all,pseudo_all,1449,0.3283148746523056,0.18438313000575182,0.30285373053231496,0.35535421935022976,0.18033929174363159,0.19564895825895687
dpo__none,26,first_gen,all,pseudo_acc,814,-0.010720680322100936,0.20220964602316246,-0.020815314915027704,-0.0002931344533022712,0.19488581865248192,0.2209804869491482
dpo__none,26,first_gen,all,pseudo_ref,635,0.7629210920052042,0.28122888971731064,0.7218542358195357,0.8020585175921136,0.2709449606310563,0.299622925869119
dpo__none,26,first_gen,false_reject,pseudo_acc,169,0.011542774360655986,0.2886303224377498,-0.013301218877216312,0.03909940240460033,0.285346159898283,0.3249378786411254
dpo__none,26,first_gen,false_reject,pseudo_ref,331,0.6900816673444702,0.37860560209393085,0.6365685090272901,0.7463197871562433,0.36271156635142243,0.40546629290026737
dpo__none,26,first_gen,or_bench,pseudo_acc,433,-0.020061031190757663,0.33118130864403533,-0.029365704109182614,-0.006995449441821861,0.3123015302927277,0.36534743061799324
dpo__none,26,first_gen,or_bench,pseudo_ref,67,0.5546335702148059,0.3224660340098393,0.42433730813743625,0.6725092232287257,0.31051794121165766,0.37965544282012553
dpo__none,26,first_gen,xstest,pseudo_acc,212,-0.009391200094659866,0.2761645116906622,-0.022003355461793377,0.0020142611309201556,0.2723606913640544,0.3123653786725622
dpo__none,26,first_gen,xstest,pseudo_ref,237,0.9235333839231781,0.39769429134635764,0.8725090109942374,0.9699644885924197,0.3804719943133803,0.42322059140181273
dpo__none,31,last_prompt,all,pseudo_all,1449,-0.17417928789636755,0.6871978029088264,-0.2025316524515337,-0.13988611983337385,0.6473487096341873,0.7403649799804994
dpo__none,31,last_prompt,all,pseudo_acc,814,-0.263035827091458,0.6768049841099492,-0.29357612271560524,-0.22894802987304128,0.6342300603197125,0.7354499269741299
dpo__none,31,last_prompt,all,pseudo_ref,635,-0.06027497504470603,0.7678952694981817,-0.09564387495713406,-0.01607600221640696,0.7236834354513002,0.8248918304127968
dpo__none,31,last_prompt,false_reject,pseudo_acc,169,-0.2090181520403074,0.8167354714211142,-0.2501168558285716,-0.16182810239245354,0.7753052326994386,0.8939897020677524
dpo__none,31,last_prompt,false_reject,pseudo_ref,331,-0.05020978093512654,0.8010946463815347,-0.09921812255033312,0.0016914443024659259,0.7574635930909821,0.8617460035516078
dpo__none,31,last_prompt,or_bench,pseudo_acc,433,-0.2912970373808475,0.7844581374499051,-0.3230509115314917,-0.2531530753479731,0.7460960628768469,0.8494858905557454
dpo__none,31,last_prompt,or_bench,pseudo_ref,67,-0.17036779765055396,0.7728417519816831,-0.2281690241670287,-0.09059661018664564,0.7291809889476774,0.8956076038723181
dpo__none,31,last_prompt,xstest,pseudo_acc,212,-0.24837488890190557,0.8041640120275418,-0.27937325624894366,-0.21111464900123378,0.7674380302405213,0.8734464519955782
dpo__none,31,last_prompt,xstest,pseudo_ref,237,-0.043209003972552326,1.0220555774897024,-0.07640689880018776,-0.003071435169600557,0.9687469342123354,1.0878601637510161
dpo__none,31,first_gen,all,pseudo_all,1449,0.32774786345941026,0.19091234308785948,0.30032463438185714,0.3544797948500623,0.186116758973209,0.20539866977691884
dpo__none,31,first_gen,all,pseudo_acc,814,-0.0295584682895494,0.23824547878794586,-0.04160308809482343,-0.014795854868213349,0.22655051065966922,0.2642174805814143
dpo__none,31,first_gen,all,pseudo_ref,635,0.7857751892028566,0.25046382748723767,0.7436713342677295,0.8266406198472849,0.2389714464379155,0.2668740536732396
dpo__none,31,first_gen,false_reject,pseudo_acc,169,-0.007835406897252898,0.3398978246648186,-0.03456481832077296,0.026140758993469085,0.33168802511980655,0.38362359968874227
dpo__none,31,first_gen,false_reject,pseudo_ref,331,0.6997765752594924,0.35159556462666575,0.6419009302602147,0.7527410440333788,0.33672950186910855,0.37866483756107977
dpo__none,31,first_gen,or_bench,pseudo_acc,433,-0.047611704169050195,0.40805099722663085,-0.06141097126745099,-0.03240761908569729,0.3827199919908423,0.4499021657597839
dpo__none,31,first_gen,or_bench,pseudo_ref,67,0.5808117965444318,0.3100644787839322,0.44590431324344015,0.7214486132615754,0.3060639787683808,0.3713265036247493
dpo__none,31,first_gen,xstest,pseudo_acc,212,-0.01000254952176641,0.32749824186270826,-0.02840259110281542,0.00662387873403362,0.31785005794271537,0.37252678961153834
dpo__none,31,first_gen,xstest,pseudo_ref,237,0.9638261805650673,0.371815135377488,0.9028144132963952,1.0215045175293098,0.3508410361991289,0.40250927887366195
final__none,8,last_prompt,all,pseudo_all,1449,-0.028613236902512242,0.9476474680802011,-0.05818525921240498,0.01635287064442214,0.8905817128836223,1.0055855210637143
final__none,8,last_prompt,all,pseudo_acc,835,-0.10356494725506028,0.9312321489225459,-0.1291076885181704,-0.06102406394342319,0.8729897874545871,0.980595635827335
final__none,8,last_prompt,all,pseudo_ref,614,0.07331621814670457,1.0502747772802792,0.04096589661295886,0.11765668344437909,0.98301140443187,1.10509414020836
final__none,8,last_prompt,false_reject,pseudo_acc,183,-0.021064616513033502,1.253120922734928,-0.062064834083664165,0.0374314501600143,1.18490503300665,1.3278409443354995
final__none,8,last_prompt,false_reject,pseudo_ref,316,0.10882589797977547,1.2333575447702065,0.06285675302885228,0.16358165204072597,1.156955075106355,1.3126836009847653
final__none,8,last_prompt,or_bench,pseudo_acc,437,-0.06326087361665556,1.1529748059997595,-0.09862522921851577,-0.015643721711815904,1.0786465124732665,1.2151539604066008
final__none,8,last_prompt,or_bench,pseudo_ref,63,0.03889164142167233,1.1196772964469295,-0.01953740054218085,0.11489050588512097,1.0673319898865372,1.2321772459491716
final__none,8,last_prompt,xstest,pseudo_acc,215,-0.2557065893006837,1.1294678410794499,-0.2874458527151988,-0.20487918386843013,1.0646245923091462,1.2003850311492017
final__none,8,last_prompt,xstest,pseudo_ref,235,0.03479573329665743,1.4750057736765663,-0.0063462970156984485,0.08425475443530377,1.3786024849010974,1.5601594144211257
final__none,8,first_gen,all,pseudo_all,1449,0.29034464338168336,0.3360065000557233,0.2577559514795593,0.320220376586096,0.3241521275600227,0.35436234181296156
final__none,8,first_gen,all,pseudo_acc,835,-0.08786722485108993,0.4004935045929734,-0.10423246364433711,-0.06666025449053317,0.38284156334364555,0.4347054731522238
final__none,8,first_gen,all,pseudo_ref,614,0.8046881452071636,0.39421503975732436,0.7627002368398416,0.8473085855843031,0.3776687357059626,0.41440190021206064
final__none,8,first_gen,false_reject,pseudo_acc,183,-0.005776804307667525,0.5496236681280344,-0.046390255026147964,0.04460429086351015,0.5165477783588281,0.6052011074351338
final__none,8,first_gen,false_reject,pseudo_ref,316,0.7341190338837297,0.4314310204441569,0.6812102065186005,0.8016822224946161,0.41970027148020667,0.45045656420580465
final__none,8,first_gen,or_bench,pseudo_acc,437,-0.1465877366002287,0.6380035523432183,-0.16717248698741402,-0.12040422930696905,0.5922579714283859,0.7003653883639623
final__none,8,first_gen,or_bench,pseudo_ref,63,0.6086454388438809,0.40054813732821115,0.45424746069148664,0.7335860273746133,0.36672464838188024,0.5287854357667383
final__none,8,first_gen,xstest,pseudo_acc,215,-0.03838666226374476,0.5843393358167447,-0.0705883390384099,-0.006662368536808918,0.5562847837347129,0.6405909086973403
final__none,8,first_gen,xstest,pseudo_ref,235,0.9521372125521441,0.5907646680964734,0.9021526963409233,1.0098102197037158,0.5643042030445308,0.6209856180807012
final__none,19,last_prompt,all,pseudo_all,1449,0.0794819918972052,1.0079297958687659,0.046558287430942036,0.12505844241927844,0.957886882755154,1.0524280040038394
final__none,19,last_prompt,all,pseudo_acc,835,-0.06409125964444155,0.9884373904431994,-0.09612245767395329,-0.01923709400792631,0.9405394661651395,1.0426538471793638
final__none,19,last_prompt,all,pseudo_ref,614,0.2747322572796137,1.1584673863240058,0.22944419115199033,0.3281570179534587,1.1026964845270644,1.2100030060846263
final__none,19,last_prompt,false_reject,pseudo_acc,183,0.011049166074702755,1.2197688676836234,-0.04266486352742398,0.06937325365090198,1.1610933470211384,1.2944109090971123
final__none,19,last_prompt,false_reject,pseudo_ref,316,0.278234381930267,1.2451003806238439,0.23190493505147197,0.3350176825210913,1.186883038519573,1.3115104162096223
final__none,19,last_prompt,or_bench,pseudo_acc,437,-0.06189515062403686,1.193148986146735,-0.09695664404317617,-0.01782791142193655,1.1349309734891557,1.2563330468141487
final__none,19,last_prompt,or_bench,pseudo_ref,63,0.14393913722085552,1.2005762713474493,0.07714033007859082,0.23431674069174477,1.150874766905214,1.3297317885585562
final__none,19,last_prompt,xstest,pseudo_acc,215,-0.13251168255654483,1.1457673609005523,-0.1723238173356946,-0.07626824613691098,1.1036084597162532,1.2123881919828055
final__none,19,last_prompt,xstest,pseudo_ref,235,0.3050866908561791,1.5284874126589956,0.25196166474760245,0.36793904011086587,1.4574966927406012,1.59850310813318
final__none,19,first_gen,all,pseudo_all,1449,0.33599298415125817,0.2358738428651853,0.3088532814334346,0.3626142416049039,0.2294430874096594,0.24857319132067135
final__none,19,first_gen,all,pseudo_acc,835,-0.00983622508673362,0.2669566454886461,-0.022039283822781825,0.002355355290906069,0.25580561942581687,0.2863101788320305
final__none,19,first_gen,all,pseudo_ref,614,0.8062982000886001,0.32111649318252383,0.7709547258813202,0.8422773004421037,0.31086701176264564,0.3352519840268099
final__none,19,first_gen,false_reject,pseudo_acc,183,0.02297024606290085,0.4032152601473199,-0.004015323442231921,0.05129488623610809,0.38961877847042464,0.4386464686225117
final__none,19,first_gen,false_reject,pseudo_ref,316,0.736848192555333,0.4051922655755952,0.6775008316019527,0.7928093190008938,0.38971924141125547,0.42706322604416064
final__none,19,first_gen,or_bench,pseudo_acc,437,-0.025291618894994185,0.4225400430066316,-0.03643849642378212,-0.008225252693310883,0.3970439180926164,0.4615367052048183
final__none,19,first_gen,or_bench,pseudo_ref,63,0.6143508697282208,0.3478807715512152,0.4976566392871325,0.7393240210080547,0.3417053783945886,0.4070560161994942
final__none,19,first_gen,xstest,pseudo_acc,215,-0.00634589503765969,0.3645901674228171,-0.020949455941366203,0.008805406789351532,0.35221821942114384,0.40035505131302185
final__none,19,first_gen,xstest,pseudo_ref,235,0.9511445053385748,0.45524739574712625,0.8987165045827654,1.0011636165724451,0.43700334807817764,0.4816837865443105
final__none,26,last_prompt,all,pseudo_all,1449,0.056147401145796395,0.8710380187590846,0.03259701108020643,0.09617190536300134,0.8254392986207382,0.9168199017444866
final__none,26,last_prompt,all,pseudo_acc,835,-0.056137147132143565,0.8595938392004038,-0.08192884987496535,-0.019368969408615707,0.8059064589852288,0.9089899244144058
final__none,26,last_prompt,all,pseudo_ref,614,0.2088470841848425,0.9970423712363765,0.1718297224723738,0.2509568199113402,0.9475384415710374,1.0524744562637267
final__none,26,last_prompt,false_reject,pseudo_acc,183,0.007365156608262658,1.055387401440063,-0.033557814474290515,0.064136491631052,1.0055429071309938,1.1372588650337738
final__none,26,last_prompt,false_reject,pseudo_ref,316,0.21440126752950012,1.0504845948533417,0.1692790519485181,0.26404307742415933,1.0014596717632966,1.120292245420628
final__none,26,last_prompt,or_bench,pseudo_acc,437,-0.04914908950394578,1.031809303788824,-0.0731946538245737,-0.009680399000010005,0.9769078474946035,1.0954130120841732
final__none,26,last_prompt,or_bench,pseudo_ref,63,0.11277268957048331,1.0273945548630212,0.06161989904801525,0.19019527544871148,0.993164586911484,1.1578186322689883
final__none,26,last_prompt,xstest,pseudo_acc,215,-0.12439159154335784,1.055734554036285,-0.16144766930401203,-0.07649475122599442,1.0110701729509906,1.1305516786737637
final__none,26,last_prompt,xstest,pseudo_ref,235,0.22713458601403858,1.3636384411388605,0.1860317541233462,0.27528423176319383,1.291925998064101,1.4407862280673267
final__none,26,first_gen,all,pseudo_all,1449,0.3302803418334369,0.1862821984373713,0.3024751175077822,0.3549091352180861,0.18205894610039597,0.19795447720060685
final__none,26,first_gen,all,pseudo_acc,835,-0.008422489732144357,0.19976625610387133,-0.017852981506286014,0.002008244137584635,0.19382267165135544,0.21813069803337046
final__none,26,first_gen,all,pseudo_ref,614,0.790894129264337,0.2901221997219803,0.7452963768698762,0.8277732613693624,0.27861503852967906,0.3078456308169425
final__none,26,first_gen,false_reject,pseudo_acc,183,0.017295793808035757,0.292194722833038,-0.0049652841164001815,0.045378937025842905,0.28931613730669414,0.32692406347381364
final__none,26,first_gen,false_reject,pseudo_ref,316,0.7198524384762485,0.3945369608946456,0.6607202491378884,0.7812720500551592,0.3745825826716076,0.41942452576609573
final__none,26,first_gen,or_bench,pseudo_acc,437,-0.019483591616954694,0.32882286825808177,-0.02932570686000769,-0.006455936538698569,0.3057328676357479,0.3649875138690773
final__none,26,first_gen,or_bench,pseudo_ref,63,0.6031285171659715,0.3381162364640083,0.47473514368599595,0.7254930306590326,0.32561221569633336,0.40279776916717547
final__none,26,first_gen,xstest,pseudo_acc,215,-0.007830605327980671,0.2727817972680419,-0.017930635611253968,0.0047579357415259045,0.26928166702658163,0.3063421019663629
final__none,26,first_gen,xstest,pseudo_ref,235,0.9367596988254697,0.4008341954288848,0.8867767736380706,0.9872502224601525,0.383596288269356,0.4286708054900466
final__none,31,last_prompt,all,pseudo_all,1449,-0.17393647525089165,0.6876822893200274,-0.2018055574256196,-0.14068621301929748,0.6458163607002707,0.7409730282529596
final__none,31,last_prompt,all,pseudo_acc,835,-0.25324613365010223,0.6687292153095933,-0.2840140061342407,-0.21527461360214814,0.6235679719288751,0.7309359535217019
final__none,31,last_prompt,all,pseudo_ref,614,-0.0660805161811196,0.7828565730619084,-0.09518504673586554,-0.029222759882623087,0.7380203566331951,0.8375650462011021
final__none,31,last_prompt,false_reject,pseudo_acc,183,-0.1751783322664167,0.7899372611063685,-0.22203441850234562,-0.10780103395311569,0.7469548943284517,0.8585417439930396
final__none,31,last_prompt,false_reject,pseudo_ref,316,-0.06177620657730169,0.816384520503252,-0.10816557216870787,-0.015882111652823702,0.7684666749593135,0.8787535942899013
final__none,31,last_prompt,or_bench,pseudo_acc,437,-0.2873805712830127,0.781977918099743,-0.31650445752446615,-0.2465355662923997,0.7331200629887293,0.850768097754145
final__none,31,last_prompt,or_bench,pseudo_ref,63,-0.18141396220766026,0.8047643206622757,-0.23864358392424878,-0.10944149108307485,0.7763505060251882,0.919299114593998
final__none,31,last_prompt,xstest,pseudo_acc,215,-0.25031430356031137,0.807455528771765,-0.2831638007305574,-0.2091433337265913,0.7612602216851252,0.8782248051925666
final__none,31,last_prompt,xstest,pseudo_ref,235,-0.040949259013357796,1.0295341461329683,-0.07324973721932558,-0.002890977453186843,0.9750891259485193,1.1055060019263756
final__none,31,first_gen,all,pseudo_all,1449,0.3321673145727121,0.1916790287460745,0.3028149103223615,0.35998014336266154,0.18762987660081593,0.205046715735162
final__none,31,first_gen,all,pseudo_acc,835,-0.023395736977397254,0.2315993442300437,-0.03443384472474353,-0.00957242229365493,0.22429489308078063,0.2586613899317085
final__none,31,first_gen,all,pseudo_ref,614,0.8157099288764674,0.25947816562541054,0.772535268976816,0.8605061422673547,0.2505171356704431,0.2792184227597049
final__none,31,first_gen,false_reject,pseudo_acc,183,0.00036062791191359436,0.34080121274256214,-0.02618585341883073,0.0372818393052926,0.3310740345142499,0.38450889974954144
final__none,31,first_gen,false_reject,pseudo_ref,316,0.7302814711990067,0.36813388725741086,0.6752447600305316,0.7868710876058498,0.3514850447299615,0.3969060895969537
final__none,31,first_gen,or_bench,pseudo_acc,437,-0.0418454244911602,0.40254338045039617,-0.05659034097875878,-0.026421948316200407,0.3697273723987122,0.44522556268695757
final__none,31,first_gen,or_bench,pseudo_ref,63,0.6334319351837323,0.3270998576722535,0.5099702383028664,0.7768172574935566,0.32042748049649056,0.3898332418554538
final__none,31,first_gen,xstest,pseudo_acc,215,-0.006116197614841305,0.32301804295438097,-0.023073439882752303,0.011394249244958106,0.31484620677126673,0.36560939350019844
final__none,31,first_gen,xstest,pseudo_ref,235,0.9794499655919717,0.37731352398660556,0.9289726898930036,1.0290936810672233,0.3575434881816101,0.40266124243013546
