source,probe,metric,value,train_on,test_on,layer,position
all,group,cv_accuracy,0.773571678934455,base__none,base__none,8,pre_gen
all,group,majority,0.33613739922888186,base__none,base__none,8,pre_gen
all,behavior,cv_auroc,0.5700365317229553,base__none,base__none,8,pre_gen
all,behavior,refusal_rate,0.1772679874869656,base__none,base__none,8,pre_gen
false_reject,behavior,cv_auroc,0.5997332317073172,base__none,base__none,8,pre_gen
or_bench,behavior,cv_auroc,0.6422091283202395,base__none,base__none,8,pre_gen
xstest,behavior,cv_auroc,0.5510948905109488,base__none,base__none,8,pre_gen
all,group,cv_accuracy,0.7995453606116967,sft__none,sft__none,8,pre_gen
all,group,majority,0.3883033684645588,sft__none,sft__none,8,pre_gen
all,behavior,cv_auroc,0.7620563816215989,sft__none,sft__none,8,pre_gen
all,behavior,refusal_rate,0.4433734939759036,sft__none,sft__none,8,pre_gen
false_reject,behavior,cv_auroc,0.6104677492398266,sft__none,sft__none,8,pre_gen
or_bench,behavior,cv_auroc,0.48260759493670885,sft__none,sft__none,8,pre_gen
xstest,behavior,cv_auroc,0.5802666666666667,sft__none,sft__none,8,pre_gen
all,group,cv_accuracy,0.7991786447638604,dpo__none,dpo__none,8,pre_gen
all,group,majority,0.3868583162217659,dpo__none,dpo__none,8,pre_gen
all,behavior,cv_auroc,0.7973131992185082,dpo__none,dpo__none,8,pre_gen
all,behavior,refusal_rate,0.3506805444355484,dpo__none,dpo__none,8,pre_gen
false_reject,behavior,cv_auroc,0.620390067752373,dpo__none,dpo__none,8,pre_gen
or_bench,behavior,cv_auroc,0.4923994346971839,dpo__none,dpo__none,8,pre_gen
xstest,behavior,cv_auroc,0.7074162679425838,dpo__none,dpo__none,8,pre_gen
all,group,cv_accuracy,0.7991373998767715,final__none,final__none,8,pre_gen
all,group,majority,0.3869377695625385,final__none,final__none,8,pre_gen
all,behavior,cv_auroc,0.799437467972524,final__none,final__none,8,pre_gen
all,behavior,refusal_rate,0.33466773418734985,final__none,final__none,8,pre_gen
false_reject,behavior,cv_auroc,0.6192328975582764,final__none,final__none,8,pre_gen
or_bench,behavior,cv_auroc,0.5153463368566343,final__none,final__none,8,pre_gen
xstest,behavior,cv_auroc,0.7473569084943492,final__none,final__none,8,pre_gen
all,group,transfer_accuracy,0.5459805744988634,base__none,sft__none,8,pre_gen
all,behavior,transfer_auroc,0.45433893803459025,base__none,sft__none,8,pre_gen
all,group,transfer_accuracy,0.5474332648870637,base__none,dpo__none,8,pre_gen
all,behavior,transfer_auroc,0.45205197934789343,base__none,dpo__none,8,pre_gen
all,group,transfer_accuracy,0.5522694598480181,base__none,final__none,8,pre_gen
all,behavior,transfer_auroc,0.4638096718659135,base__none,final__none,8,pre_gen
all,group,transfer_accuracy,0.9279260780287474,sft__none,dpo__none,8,pre_gen
all,behavior,transfer_auroc,0.8807014284186048,sft__none,dpo__none,8,pre_gen
all,group,transfer_accuracy,0.9258574655986855,sft__none,final__none,8,pre_gen
all,behavior,transfer_auroc,0.8786928759377933,sft__none,final__none,8,pre_gen
all,group,transfer_accuracy,0.9279112754158965,dpo__none,final__none,8,pre_gen
all,behavior,transfer_auroc,0.8892583444169992,dpo__none,final__none,8,pre_gen
all,group,cv_accuracy,0.7651594812478093,base__none,base__none,8,first_gen
all,group,majority,0.33613739922888186,base__none,base__none,8,first_gen
all,behavior,cv_auroc,0.607298889137404,base__none,base__none,8,first_gen
all,behavior,refusal_rate,0.1772679874869656,base__none,base__none,8,first_gen
false_reject,behavior,cv_auroc,0.5990853658536585,base__none,base__none,8,first_gen
or_bench,behavior,cv_auroc,0.6485222596333707,base__none,base__none,8,first_gen
xstest,behavior,cv_auroc,0.5273722627737226,base__none,base__none,8,first_gen
all,group,cv_accuracy,0.8104980367844596,sft__none,sft__none,8,first_gen
all,group,majority,0.3883033684645588,sft__none,sft__none,8,first_gen
all,behavior,cv_auroc,0.9197304305999959,sft__none,sft__none,8,first_gen
all,behavior,refusal_rate,0.4433734939759036,sft__none,sft__none,8,first_gen
false_reject,behavior,cv_auroc,0.913005973561062,sft__none,sft__none,8,first_gen
or_bench,behavior,cv_auroc,0.8904810126582278,sft__none,sft__none,8,first_gen
xstest,behavior,cv_auroc,0.6903619047619048,sft__none,sft__none,8,first_gen
all,group,cv_accuracy,0.8172484599589322,dpo__none,dpo__none,8,first_gen
all,group,majority,0.3868583162217659,dpo__none,dpo__none,8,first_gen
all,behavior,cv_auroc,0.8984398313148545,dpo__none,dpo__none,8,first_gen
all,behavior,refusal_rate,0.3506805444355484,dpo__none,dpo__none,8,first_gen
false_reject,behavior,cv_auroc,0.8457426839950659,dpo__none,dpo__none,8,first_gen
or_bench,behavior,cv_auroc,0.7801523560028955,dpo__none,dpo__none,8,first_gen
xstest,behavior,cv_auroc,0.7555023923444976,dpo__none,dpo__none,8,first_gen
all,group,cv_accuracy,0.8133086876155268,final__none,final__none,8,first_gen
all,group,majority,0.3869377695625385,final__none,final__none,8,first_gen
all,behavior,cv_auroc,0.9110629379487445,final__none,final__none,8,first_gen
all,behavior,refusal_rate,0.33466773418734985,final__none,final__none,8,first_gen
false_reject,behavior,cv_auroc,0.8596700560282216,final__none,final__none,8,first_gen
or_bench,behavior,cv_auroc,0.8149358904507645,final__none,final__none,8,first_gen
xstest,behavior,cv_auroc,0.8363106088224572,final__none,final__none,8,first_gen
all,group,transfer_accuracy,0.7423021285389543,base__none,sft__none,8,first_gen
all,behavior,transfer_auroc,0.8668961875483615,base__none,sft__none,8,first_gen
all,group,transfer_accuracy,0.7408624229979466,base__none,dpo__none,8,first_gen
all,behavior,transfer_auroc,0.8165436436216633,base__none,dpo__none,8,first_gen
all,group,transfer_accuracy,0.7401930581228179,base__none,final__none,8,first_gen
all,behavior,transfer_auroc,0.816785564172986,base__none,final__none,8,first_gen
all,group,transfer_accuracy,0.9180698151950719,sft__none,dpo__none,8,first_gen
all,behavior,transfer_auroc,0.9261636516167536,sft__none,dpo__none,8,first_gen
all,group,transfer_accuracy,0.9145615116040254,sft__none,final__none,8,first_gen
all,behavior,transfer_auroc,0.9299138065051042,sft__none,final__none,8,first_gen
all,group,transfer_accuracy,0.9353049907578558,dpo__none,final__none,8,first_gen
all,behavior,transfer_auroc,0.9536357302840297,dpo__none,final__none,8,first_gen
all,group,cv_accuracy,0.7868909919383106,base__none,base__none,16,pre_gen
all,group,majority,0.33613739922888186,base__none,base__none,16,pre_gen
all,behavior,cv_auroc,0.5974278684857973,base__none,base__none,16,pre_gen
all,behavior,refusal_rate,0.1772679874869656,base__none,base__none,16,pre_gen
false_reject,behavior,cv_auroc,0.6339557926829268,base__none,base__none,16,pre_gen
or_bench,behavior,cv_auroc,0.680976430976431,base__none,base__none,16,pre_gen
xstest,behavior,cv_auroc,0.4087591240875912,base__none,base__none,16,pre_gen
all,group,cv_accuracy,0.8605083694978302,sft__none,sft__none,16,pre_gen
all,group,majority,0.3883033684645588,sft__none,sft__none,16,pre_gen
all,behavior,cv_auroc,0.8629906727732815,sft__none,sft__none,16,pre_gen
all,behavior,refusal_rate,0.4433734939759036,sft__none,sft__none,16,pre_gen
false_reject,behavior,cv_auroc,0.8845830368118005,sft__none,sft__none,16,pre_gen
or_bench,behavior,cv_auroc,0.7197974683544304,sft__none,sft__none,16,pre_gen
xstest,behavior,cv_auroc,0.6790095238095238,sft__none,sft__none,16,pre_gen
all,group,cv_accuracy,0.8574948665297741,dpo__none,dpo__none,16,pre_gen
all,group,majority,0.3868583162217659,dpo__none,dpo__none,16,pre_gen
all,behavior,cv_auroc,0.9120455607542411,dpo__none,dpo__none,16,pre_gen
all,behavior,refusal_rate,0.3506805444355484,dpo__none,dpo__none,16,pre_gen
false_reject,behavior,cv_auroc,0.8849997318507661,dpo__none,dpo__none,16,pre_gen
or_bench,behavior,cv_auroc,0.816000827272414,dpo__none,dpo__none,16,pre_gen
xstest,behavior,cv_auroc,0.7776315789473685,dpo__none,dpo__none,16,pre_gen
all,group,cv_accuracy,0.8576709796672828,final__none,final__none,16,pre_gen
all,group,majority,0.3869377695625385,final__none,final__none,16,pre_gen
all,behavior,cv_auroc,0.9152315478555264,final__none,final__none,16,pre_gen
all,behavior,refusal_rate,0.33466773418734985,final__none,final__none,16,pre_gen
false_reject,behavior,cv_auroc,0.888808189804247,final__none,final__none,16,pre_gen
or_bench,behavior,cv_auroc,0.8268134103374377,final__none,final__none,16,pre_gen
xstest,behavior,cv_auroc,0.8183254344391785,final__none,final__none,16,pre_gen
all,group,transfer_accuracy,0.6891919818144244,base__none,sft__none,16,pre_gen
all,behavior,transfer_auroc,0.7539734822343518,base__none,sft__none,16,pre_gen
all,group,transfer_accuracy,0.7098562628336755,base__none,dpo__none,16,pre_gen
all,behavior,transfer_auroc,0.7991064641994494,base__none,dpo__none,16,pre_gen
all,group,transfer_accuracy,0.7102074347915383,base__none,final__none,16,pre_gen
all,behavior,transfer_auroc,0.791661628636738,base__none,final__none,16,pre_gen
all,group,transfer_accuracy,0.9577002053388091,sft__none,dpo__none,16,pre_gen
all,behavior,transfer_auroc,0.9439555427934396,sft__none,dpo__none,16,pre_gen
all,group,transfer_accuracy,0.9544054220579175,sft__none,final__none,16,pre_gen
all,behavior,transfer_auroc,0.9479672268955948,sft__none,final__none,16,pre_gen
all,group,transfer_accuracy,0.9848018073526391,dpo__none,final__none,16,pre_gen
all,behavior,transfer_auroc,0.9713494435136084,dpo__none,final__none,16,pre_gen
all,group,cv_accuracy,0.7844374342797056,base__none,base__none,16,first_gen
all,group,majority,0.33613739922888186,base__none,base__none,16,first_gen
all,behavior,cv_auroc,0.6121151122045777,base__none,base__none,16,first_gen
all,behavior,refusal_rate,0.1772679874869656,base__none,base__none,16,first_gen
false_reject,behavior,cv_auroc,0.5886814024390243,base__none,base__none,16,first_gen
or_bench,behavior,cv_auroc,0.6781238309016085,base__none,base__none,16,first_gen
xstest,behavior,cv_auroc,0.5918491484184915,base__none,base__none,16,first_gen
all,group,cv_accuracy,0.8419094854308742,sft__none,sft__none,16,first_gen
all,group,majority,0.3883033684645588,sft__none,sft__none,16,first_gen
all,behavior,cv_auroc,0.9209564589999373,sft__none,sft__none,16,first_gen
all,behavior,refusal_rate,0.4433734939759036,sft__none,sft__none,16,first_gen
false_reject,behavior,cv_auroc,0.921804576135947,sft__none,sft__none,16,first_gen
or_bench,behavior,cv_auroc,0.8889620253164556,sft__none,sft__none,16,first_gen
xstest,behavior,cv_auroc,0.7084190476190476,sft__none,sft__none,16,first_gen
all,group,cv_accuracy,0.840041067761807,dpo__none,dpo__none,16,first_gen
all,group,majority,0.3868583162217659,dpo__none,dpo__none,16,first_gen
all,behavior,cv_auroc,0.9089967287693754,dpo__none,dpo__none,16,first_gen
all,behavior,refusal_rate,0.3506805444355484,dpo__none,dpo__none,16,first_gen
false_reject,behavior,cv_auroc,0.8654963442321099,dpo__none,dpo__none,16,first_gen
or_bench,behavior,cv_auroc,0.8080038606045983,dpo__none,dpo__none,16,first_gen
xstest,behavior,cv_auroc,0.792464114832536,dpo__none,dpo__none,16,first_gen
all,group,cv_accuracy,0.8369275005134524,final__none,final__none,16,first_gen
all,group,majority,0.3869377695625385,final__none,final__none,16,first_gen
all,behavior,cv_auroc,0.9196131944564396,final__none,final__none,16,first_gen
all,behavior,refusal_rate,0.33466773418734985,final__none,final__none,16,first_gen
false_reject,behavior,cv_auroc,0.8907103825136612,final__none,final__none,16,first_gen
or_bench,behavior,cv_auroc,0.8243434673640623,final__none,final__none,16,first_gen
xstest,behavior,cv_auroc,0.7973022238425082,final__none,final__none,16,first_gen
all,group,transfer_accuracy,0.7108906798925397,base__none,sft__none,16,first_gen
all,behavior,transfer_auroc,0.8758809628374846,base__none,sft__none,16,first_gen
all,group,transfer_accuracy,0.7295687885010267,base__none,dpo__none,16,first_gen
all,behavior,transfer_auroc,0.8602886115005433,base__none,dpo__none,16,first_gen
all,group,transfer_accuracy,0.7299240090367632,base__none,final__none,16,first_gen
all,behavior,transfer_auroc,0.8659970405172762,base__none,final__none,16,first_gen
all,group,transfer_accuracy,0.9451745379876797,sft__none,dpo__none,16,first_gen
all,behavior,transfer_auroc,0.9472014368641228,sft__none,dpo__none,16,first_gen
all,group,transfer_accuracy,0.9396179913739988,sft__none,final__none,16,first_gen
all,behavior,transfer_auroc,0.948781948306934,sft__none,final__none,16,first_gen
all,group,transfer_accuracy,0.986650236188129,dpo__none,final__none,16,first_gen
all,behavior,transfer_auroc,0.9740814951721278,dpo__none,final__none,16,first_gen
all,group,cv_accuracy,0.7882930248860848,base__none,base__none,19,pre_gen
all,group,majority,0.33613739922888186,base__none,base__none,19,pre_gen
all,behavior,cv_auroc,0.5924923581599939,base__none,base__none,19,pre_gen
all,behavior,refusal_rate,0.1772679874869656,base__none,base__none,19,pre_gen
false_reject,behavior,cv_auroc,0.6011432926829268,base__none,base__none,19,pre_gen
or_bench,behavior,cv_auroc,0.6475869809203142,base__none,base__none,19,pre_gen
xstest,behavior,cv_auroc,0.4981751824817518,base__none,base__none,19,pre_gen
all,group,cv_accuracy,0.8574085554866708,sft__none,sft__none,19,pre_gen
all,group,majority,0.3883033684645588,sft__none,sft__none,19,pre_gen
all,behavior,cv_auroc,0.8676046176046175,sft__none,sft__none,19,pre_gen
all,behavior,refusal_rate,0.4433734939759036,sft__none,sft__none,19,pre_gen
false_reject,behavior,cv_auroc,0.8976946798645706,sft__none,sft__none,19,pre_gen
or_bench,behavior,cv_auroc,0.7250886075949368,sft__none,sft__none,19,pre_gen
xstest,behavior,cv_auroc,0.6863238095238094,sft__none,sft__none,19,pre_gen
all,group,cv_accuracy,0.8613963039014374,dpo__none,dpo__none,19,pre_gen
all,group,majority,0.3868583162217659,dpo__none,dpo__none,19,pre_gen
all,behavior,cv_auroc,0.912259513875986,dpo__none,dpo__none,19,pre_gen
all,behavior,refusal_rate,0.3506805444355484,dpo__none,dpo__none,19,pre_gen
false_reject,behavior,cv_auroc,0.8897549116001358,dpo__none,dpo__none,19,pre_gen
or_bench,behavior,cv_auroc,0.8251352935093584,dpo__none,dpo__none,19,pre_gen
xstest,behavior,cv_auroc,0.7687799043062201,dpo__none,dpo__none,19,pre_gen
all,group,cv_accuracy,0.858081741630725,final__none,final__none,19,pre_gen
all,group,majority,0.3869377695625385,final__none,final__none,19,pre_gen
all,behavior,cv_auroc,0.917206455587607,final__none,final__none,19,pre_gen
all,behavior,refusal_rate,0.33466773418734985,final__none,final__none,19,pre_gen
false_reject,behavior,cv_auroc,0.8873556062806944,final__none,final__none,19,pre_gen
or_bench,behavior,cv_auroc,0.8381097671715521,final__none,final__none,19,pre_gen
xstest,behavior,cv_auroc,0.8197836918216064,final__none,final__none,19,pre_gen
all,group,transfer_accuracy,0.7224633188675346,base__none,sft__none,19,pre_gen
all,behavior,transfer_auroc,0.8418344940084069,base__none,sft__none,19,pre_gen
all,group,transfer_accuracy,0.7234086242299794,base__none,dpo__none,19,pre_gen
all,behavior,transfer_auroc,0.8578281506004763,base__none,dpo__none,19,pre_gen
all,group,transfer_accuracy,0.7239679605668515,base__none,final__none,19,pre_gen
all,behavior,transfer_auroc,0.8613044754979013,base__none,final__none,19,pre_gen
all,group,transfer_accuracy,0.9722792607802875,sft__none,dpo__none,19,pre_gen
all,behavior,transfer_auroc,0.9409996115061737,sft__none,dpo__none,19,pre_gen
all,group,transfer_accuracy,0.9673444239063462,sft__none,final__none,19,pre_gen
all,behavior,transfer_auroc,0.9481543537215208,sft__none,final__none,19,pre_gen
all,group,transfer_accuracy,0.9944547134935305,dpo__none,final__none,19,pre_gen
all,behavior,transfer_auroc,0.9742340755071137,dpo__none,final__none,19,pre_gen
all,group,cv_accuracy,0.7763757448300035,base__none,base__none,19,first_gen
all,group,majority,0.33613739922888186,base__none,base__none,19,first_gen
all,behavior,cv_auroc,0.5843211809438604,base__none,base__none,19,first_gen
all,behavior,refusal_rate,0.1772679874869656,base__none,base__none,19,first_gen
false_reject,behavior,cv_auroc,0.5635289634146342,base__none,base__none,19,first_gen
or_bench,behavior,cv_auroc,0.6512345679012346,base__none,base__none,19,first_gen
xstest,behavior,cv_auroc,0.5173357664233577,base__none,base__none,19,first_gen
all,group,cv_accuracy,0.8383963628848936,sft__none,sft__none,19,first_gen
all,group,majority,0.3883033684645588,sft__none,sft__none,19,first_gen
all,behavior,cv_auroc,0.921400861618253,sft__none,sft__none,19,first_gen
all,behavior,refusal_rate,0.4433734939759036,sft__none,sft__none,19,first_gen
false_reject,behavior,cv_auroc,0.9224299670052404,sft__none,sft__none,19,first_gen
or_bench,behavior,cv_auroc,0.8864050632911393,sft__none,sft__none,19,first_gen
xstest,behavior,cv_auroc,0.7098666666666668,sft__none,sft__none,19,first_gen
all,group,cv_accuracy,0.8406570841889117,dpo__none,dpo__none,19,first_gen
all,group,majority,0.3868583162217659,dpo__none,dpo__none,19,first_gen
all,behavior,cv_auroc,0.9017166922847377,dpo__none,dpo__none,19,first_gen
all,behavior,refusal_rate,0.3506805444355484,dpo__none,dpo__none,19,first_gen
false_reject,behavior,cv_auroc,0.8589177496916284,dpo__none,dpo__none,19,first_gen
or_bench,behavior,cv_auroc,0.7938368205163558,dpo__none,dpo__none,19,first_gen
xstest,behavior,cv_auroc,0.7613636363636364,dpo__none,dpo__none,19,first_gen
all,group,cv_accuracy,0.8367221195317314,final__none,final__none,19,first_gen
all,group,majority,0.3869377695625385,final__none,final__none,19,first_gen
all,behavior,cv_auroc,0.909799112155183,final__none,final__none,19,first_gen
all,behavior,refusal_rate,0.33466773418734985,final__none,final__none,19,first_gen
false_reject,behavior,cv_auroc,0.8778965207166078,final__none,final__none,19,first_gen
or_bench,behavior,cv_auroc,0.8124296247866042,final__none,final__none,19,first_gen
xstest,behavior,cv_auroc,0.7614533965244865,final__none,final__none,19,first_gen
all,group,transfer_accuracy,0.7276296755528001,base__none,sft__none,19,first_gen
all,behavior,transfer_auroc,0.8925852730200556,base__none,sft__none,19,first_gen
all,group,transfer_accuracy,0.731211498973306,base__none,dpo__none,19,first_gen
all,behavior,transfer_auroc,0.837485712998778,base__none,dpo__none,19,first_gen
all,group,transfer_accuracy,0.7313616759088108,base__none,final__none,19,first_gen
all,behavior,transfer_auroc,0.8495615474524841,base__none,final__none,19,first_gen
all,group,transfer_accuracy,0.9457905544147844,sft__none,dpo__none,19,first_gen
all,behavior,transfer_auroc,0.938817852698906,sft__none,dpo__none,19,first_gen
all,group,transfer_accuracy,0.9414664202094886,sft__none,final__none,19,first_gen
all,behavior,transfer_auroc,0.9407095849239114,sft__none,final__none,19,first_gen
all,group,transfer_accuracy,0.9915793797494352,dpo__none,final__none,19,first_gen
all,behavior,transfer_auroc,0.9698006091697903,dpo__none,final__none,19,first_gen
all,group,cv_accuracy,0.7795303189624956,base__none,base__none,24,pre_gen
all,group,majority,0.33613739922888186,base__none,base__none,24,pre_gen
all,behavior,cv_auroc,0.5928054872138969,base__none,base__none,24,pre_gen
all,behavior,refusal_rate,0.1772679874869656,base__none,base__none,24,pre_gen
false_reject,behavior,cv_auroc,0.567530487804878,base__none,base__none,24,pre_gen
or_bench,behavior,cv_auroc,0.6471661054994389,base__none,base__none,24,pre_gen
xstest,behavior,cv_auroc,0.5647810218978102,base__none,base__none,24,pre_gen
all,group,cv_accuracy,0.8543087414755115,sft__none,sft__none,24,pre_gen
all,group,majority,0.3883033684645588,sft__none,sft__none,24,pre_gen
all,behavior,cv_auroc,0.8765449526319091,sft__none,sft__none,24,pre_gen
all,behavior,refusal_rate,0.4433734939759036,sft__none,sft__none,24,pre_gen
false_reject,behavior,cv_auroc,0.8998727653059024,sft__none,sft__none,24,pre_gen
or_bench,behavior,cv_auroc,0.7393924050632911,sft__none,sft__none,24,pre_gen
xstest,behavior,cv_auroc,0.7069714285714286,sft__none,sft__none,24,pre_gen
all,group,cv_accuracy,0.8482546201232033,dpo__none,dpo__none,24,pre_gen
all,group,majority,0.3868583162217659,dpo__none,dpo__none,24,pre_gen
all,behavior,cv_auroc,0.9128225484068936,dpo__none,dpo__none,24,pre_gen
all,behavior,refusal_rate,0.3506805444355484,dpo__none,dpo__none,24,pre_gen
false_reject,behavior,cv_auroc,0.8828545379788699,dpo__none,dpo__none,24,pre_gen
or_bench,behavior,cv_auroc,0.8244458998310985,dpo__none,dpo__none,24,pre_gen
xstest,behavior,cv_auroc,0.7753588516746411,dpo__none,dpo__none,24,pre_gen
all,group,cv_accuracy,0.8482234545081125,final__none,final__none,24,pre_gen
all,group,majority,0.3869377695625385,final__none,final__none,24,pre_gen
all,behavior,cv_auroc,0.9140166629241301,final__none,final__none,24,pre_gen
all,behavior,refusal_rate,0.33466773418734985,final__none,final__none,24,pre_gen
false_reject,behavior,cv_auroc,0.8831189043369994,final__none,final__none,24,pre_gen
or_bench,behavior,cv_auroc,0.8230358504958047,final__none,final__none,24,pre_gen
xstest,behavior,cv_auroc,0.8145582695345729,final__none,final__none,24,pre_gen
all,group,transfer_accuracy,0.7365158090514569,base__none,sft__none,24,pre_gen
all,behavior,transfer_auroc,0.7253539536148232,base__none,sft__none,24,pre_gen
all,group,transfer_accuracy,0.708829568788501,base__none,dpo__none,24,pre_gen
all,behavior,transfer_auroc,0.7712784825093323,base__none,dpo__none,24,pre_gen
all,group,transfer_accuracy,0.7060998151571165,base__none,final__none,24,pre_gen
all,behavior,transfer_auroc,0.7826018113876749,base__none,final__none,24,pre_gen
all,group,transfer_accuracy,0.9774127310061602,sft__none,dpo__none,24,pre_gen
all,behavior,transfer_auroc,0.9396032858695224,sft__none,dpo__none,24,pre_gen
all,group,transfer_accuracy,0.9749435202300267,sft__none,final__none,24,pre_gen
all,behavior,transfer_auroc,0.9453416935841408,sft__none,final__none,24,pre_gen
all,group,transfer_accuracy,0.9995892380365579,dpo__none,final__none,24,pre_gen
all,behavior,transfer_auroc,0.9726305425526401,dpo__none,final__none,24,pre_gen
all,group,cv_accuracy,0.7595513494567122,base__none,base__none,24,first_gen
all,group,majority,0.33613739922888186,base__none,base__none,24,first_gen
all,behavior,cv_auroc,0.5967866994706629,base__none,base__none,24,first_gen
all,behavior,refusal_rate,0.1772679874869656,base__none,base__none,24,first_gen
false_reject,behavior,cv_auroc,0.5783536585365854,base__none,base__none,24,first_gen
or_bench,behavior,cv_auroc,0.6369248035914703,base__none,base__none,24,first_gen
xstest,behavior,cv_auroc,0.5739051094890512,base__none,base__none,24,first_gen
all,group,cv_accuracy,0.8270303781773094,sft__none,sft__none,24,first_gen
all,group,majority,0.3883033684645588,sft__none,sft__none,24,first_gen
all,behavior,cv_auroc,0.9202062028148983,sft__none,sft__none,24,first_gen
all,behavior,refusal_rate,0.4433734939759036,sft__none,sft__none,24,first_gen
false_reject,behavior,cv_auroc,0.9282741368527743,sft__none,sft__none,24,first_gen
or_bench,behavior,cv_auroc,0.8863037974683544,sft__none,sft__none,24,first_gen
xstest,behavior,cv_auroc,0.718552380952381,sft__none,sft__none,24,first_gen
all,group,cv_accuracy,0.8283367556468173,dpo__none,dpo__none,24,first_gen
all,group,majority,0.3868583162217659,dpo__none,dpo__none,24,first_gen
all,behavior,cv_auroc,0.8910781548232353,dpo__none,dpo__none,24,first_gen
all,behavior,refusal_rate,0.3506805444355484,dpo__none,dpo__none,24,first_gen
false_reject,behavior,cv_auroc,0.8503548508196428,dpo__none,dpo__none,24,first_gen
or_bench,behavior,cv_auroc,0.7783254627555066,dpo__none,dpo__none,24,first_gen
xstest,behavior,cv_auroc,0.7523923444976076,dpo__none,dpo__none,24,first_gen
all,group,cv_accuracy,0.8256315465187923,final__none,final__none,24,first_gen
all,group,majority,0.3869377695625385,final__none,final__none,24,first_gen
all,behavior,cv_auroc,0.8998583593871452,final__none,final__none,24,first_gen
all,behavior,refusal_rate,0.33466773418734985,final__none,final__none,24,first_gen
false_reject,behavior,cv_auroc,0.8767206197689701,final__none,final__none,24,first_gen
or_bench,behavior,cv_auroc,0.7989539065053939,final__none,final__none,24,first_gen
xstest,behavior,cv_auroc,0.7333819419127476,final__none,final__none,24,first_gen
all,group,transfer_accuracy,0.7015912378590617,base__none,sft__none,24,first_gen
all,behavior,transfer_auroc,0.8138841834494008,base__none,sft__none,24,first_gen
all,group,transfer_accuracy,0.6825462012320328,base__none,dpo__none,24,first_gen
all,behavior,transfer_auroc,0.8049057198677995,base__none,dpo__none,24,first_gen
all,group,transfer_accuracy,0.6861778599301704,base__none,final__none,24,first_gen
all,behavior,transfer_auroc,0.810578711300733,base__none,final__none,24,first_gen
all,group,transfer_accuracy,0.9486652977412731,sft__none,dpo__none,24,first_gen
all,behavior,transfer_auroc,0.9294574036225642,sft__none,dpo__none,24,first_gen
all,group,transfer_accuracy,0.9443417539535839,sft__none,final__none,24,first_gen
all,behavior,transfer_auroc,0.938751950437301,sft__none,final__none,24,first_gen
all,group,transfer_accuracy,0.9934278085849251,dpo__none,final__none,24,first_gen
all,behavior,transfer_auroc,0.9653527484612417,dpo__none,final__none,24,first_gen
all,group,cv_accuracy,0.7847879425166492,base__none,base__none,26,pre_gen
all,group,majority,0.33613739922888186,base__none,base__none,26,pre_gen
all,behavior,cv_auroc,0.5717885633340788,base__none,base__none,26,pre_gen
all,behavior,refusal_rate,0.1772679874869656,base__none,base__none,26,pre_gen
false_reject,behavior,cv_auroc,0.5671112804878049,base__none,base__none,26,pre_gen
or_bench,behavior,cv_auroc,0.6399644594089038,base__none,base__none,26,pre_gen
xstest,behavior,cv_auroc,0.4942214111922141,base__none,base__none,26,pre_gen
all,group,cv_accuracy,0.851828890266584,sft__none,sft__none,26,pre_gen
all,group,majority,0.3883033684645588,sft__none,sft__none,26,pre_gen
all,behavior,cv_auroc,0.869980864546082,sft__none,sft__none,26,pre_gen
all,behavior,refusal_rate,0.4433734939759036,sft__none,sft__none,26,pre_gen
false_reject,behavior,cv_auroc,0.8851868624787043,sft__none,sft__none,26,pre_gen
or_bench,behavior,cv_auroc,0.7322278481012657,sft__none,sft__none,26,pre_gen
xstest,behavior,cv_auroc,0.6902857142857144,sft__none,sft__none,26,pre_gen
all,group,cv_accuracy,0.8474332648870636,dpo__none,dpo__none,26,pre_gen
all,group,majority,0.3868583162217659,dpo__none,dpo__none,26,pre_gen
all,behavior,cv_auroc,0.9118822807402778,dpo__none,dpo__none,26,pre_gen
all,behavior,refusal_rate,0.3506805444355484,dpo__none,dpo__none,26,pre_gen
false_reject,behavior,cv_auroc,0.8790646954718533,dpo__none,dpo__none,26,pre_gen
or_bench,behavior,cv_auroc,0.8268932473889213,dpo__none,dpo__none,26,pre_gen
xstest,behavior,cv_auroc,0.7910287081339713,dpo__none,dpo__none,26,pre_gen
all,group,cv_accuracy,0.844731977818854,final__none,final__none,26,pre_gen
all,group,majority,0.3869377695625385,final__none,final__none,26,pre_gen
all,behavior,cv_auroc,0.9170826639950713,final__none,final__none,26,pre_gen
all,behavior,refusal_rate,0.33466773418734985,final__none,final__none,26,pre_gen
false_reject,behavior,cv_auroc,0.8837587327938025,final__none,final__none,26,pre_gen
or_bench,behavior,cv_auroc,0.8343685300207039,final__none,final__none,26,pre_gen
xstest,behavior,cv_auroc,0.8246445497630333,final__none,final__none,26,pre_gen
all,group,transfer_accuracy,0.6902252531514775,base__none,sft__none,26,pre_gen
all,behavior,transfer_auroc,0.627572306920133,base__none,sft__none,26,pre_gen
all,group,transfer_accuracy,0.6486652977412731,base__none,dpo__none,26,pre_gen
all,behavior,transfer_auroc,0.6988863176978645,base__none,dpo__none,26,pre_gen
all,group,transfer_accuracy,0.6420209488601355,base__none,final__none,26,pre_gen
all,behavior,transfer_auroc,0.7120780290075369,base__none,final__none,26,pre_gen
all,group,transfer_accuracy,0.9845995893223819,sft__none,dpo__none,26,pre_gen
all,behavior,transfer_auroc,0.9389107533965058,sft__none,dpo__none,26,pre_gen
all,group,transfer_accuracy,0.9813103306633806,sft__none,final__none,26,pre_gen
all,behavior,transfer_auroc,0.9459606515468191,sft__none,final__none,26,pre_gen
all,group,transfer_accuracy,0.9995892380365579,dpo__none,final__none,26,pre_gen
all,behavior,transfer_auroc,0.9726190270556602,dpo__none,final__none,26,pre_gen
all,group,cv_accuracy,0.7570977917981072,base__none,base__none,26,first_gen
all,group,majority,0.33613739922888186,base__none,base__none,26,first_gen
all,behavior,cv_auroc,0.5934168344143741,base__none,base__none,26,first_gen
all,behavior,refusal_rate,0.1772679874869656,base__none,base__none,26,first_gen
false_reject,behavior,cv_auroc,0.5815929878048779,base__none,base__none,26,first_gen
or_bench,behavior,cv_auroc,0.6263561541339319,base__none,base__none,26,first_gen
xstest,behavior,cv_auroc,0.5605231143552312,base__none,base__none,26,first_gen
all,group,cv_accuracy,0.8222773300268651,sft__none,sft__none,26,first_gen
all,group,majority,0.3883033684645588,sft__none,sft__none,26,first_gen
all,behavior,cv_auroc,0.9180417006503963,sft__none,sft__none,26,first_gen
all,behavior,refusal_rate,0.4433734939759036,sft__none,sft__none,26,first_gen
false_reject,behavior,cv_auroc,0.9297837010200342,sft__none,sft__none,26,first_gen
or_bench,behavior,cv_auroc,0.879873417721519,sft__none,sft__none,26,first_gen
xstest,behavior,cv_auroc,0.7174857142857143,sft__none,sft__none,26,first_gen
all,group,cv_accuracy,0.8207392197125256,dpo__none,dpo__none,26,first_gen
all,group,majority,0.3868583162217659,dpo__none,dpo__none,26,first_gen
all,behavior,cv_auroc,0.8894622457195298,dpo__none,dpo__none,26,first_gen
all,behavior,refusal_rate,0.3506805444355484,dpo__none,dpo__none,26,first_gen
false_reject,behavior,cv_auroc,0.8545379788698404,dpo__none,dpo__none,26,first_gen
or_bench,behavior,cv_auroc,0.7767053876115955,dpo__none,dpo__none,26,first_gen
xstest,behavior,cv_auroc,0.7444976076555024,dpo__none,dpo__none,26,first_gen
all,group,cv_accuracy,0.8211131649209283,final__none,final__none,26,first_gen
all,group,majority,0.3869377695625385,final__none,final__none,26,first_gen
all,behavior,cv_auroc,0.9022794926272031,final__none,final__none,26,first_gen
all,behavior,refusal_rate,0.33466773418734985,final__none,final__none,26,first_gen
false_reject,behavior,cv_auroc,0.8808362730857024,final__none,final__none,26,first_gen
or_bench,behavior,cv_auroc,0.8015328175511242,final__none,final__none,26,first_gen
xstest,behavior,cv_auroc,0.732166727427391,final__none,final__none,26,first_gen
all,group,transfer_accuracy,0.6501343252738169,base__none,sft__none,26,first_gen
all,behavior,transfer_auroc,0.8277364744756048,base__none,sft__none,26,first_gen
all,group,transfer_accuracy,0.6174537987679671,base__none,dpo__none,26,first_gen
all,behavior,transfer_auroc,0.8092776830002985,base__none,dpo__none,26,first_gen
all,group,transfer_accuracy,0.618607516943931,base__none,final__none,26,first_gen
all,behavior,transfer_auroc,0.816074482234467,base__none,final__none,26,first_gen
all,group,transfer_accuracy,0.9484599589322382,sft__none,dpo__none,26,first_gen
all,behavior,transfer_auroc,0.9289731939259835,sft__none,dpo__none,26,first_gen
all,group,transfer_accuracy,0.9449578968987472,sft__none,final__none,26,first_gen
all,behavior,transfer_auroc,0.9395637929743954,sft__none,final__none,26,first_gen
all,group,transfer_accuracy,0.9934278085849251,dpo__none,final__none,26,first_gen
all,behavior,transfer_auroc,0.9667749123382793,dpo__none,final__none,26,first_gen
all,group,cv_accuracy,0.7882930248860848,base__none,base__none,31,pre_gen
all,group,majority,0.33613739922888186,base__none,base__none,31,pre_gen
all,behavior,cv_auroc,0.5537985536419892,base__none,base__none,31,pre_gen
all,behavior,refusal_rate,0.1772679874869656,base__none,base__none,31,pre_gen
false_reject,behavior,cv_auroc,0.5487423780487806,base__none,base__none,31,pre_gen
or_bench,behavior,cv_auroc,0.6284137673026562,base__none,base__none,31,pre_gen
xstest,behavior,cv_auroc,0.4878345498783455,base__none,base__none,31,pre_gen
all,group,cv_accuracy,0.8466625335813185,sft__none,sft__none,31,pre_gen
all,group,majority,0.3883033684645588,sft__none,sft__none,31,pre_gen
all,behavior,cv_auroc,0.8645748374009243,sft__none,sft__none,31,pre_gen
all,behavior,refusal_rate,0.4433734939759036,sft__none,sft__none,31,pre_gen
false_reject,behavior,cv_auroc,0.8751806085700115,sft__none,sft__none,31,pre_gen
or_bench,behavior,cv_auroc,0.740379746835443,sft__none,sft__none,31,pre_gen
xstest,behavior,cv_auroc,0.6734476190476191,sft__none,sft__none,31,pre_gen
all,group,cv_accuracy,0.84435318275154,dpo__none,dpo__none,31,pre_gen
all,group,majority,0.3868583162217659,dpo__none,dpo__none,31,pre_gen
all,behavior,cv_auroc,0.9044896373494586,dpo__none,dpo__none,31,pre_gen
all,behavior,refusal_rate,0.3506805444355484,dpo__none,dpo__none,31,pre_gen
false_reject,behavior,cv_auroc,0.8718246661542037,dpo__none,dpo__none,31,pre_gen
or_bench,behavior,cv_auroc,0.8061769673572093,dpo__none,dpo__none,31,pre_gen
xstest,behavior,cv_auroc,0.7738038277511963,dpo__none,dpo__none,31,pre_gen
all,group,cv_accuracy,0.8410351201478743,final__none,final__none,31,pre_gen
all,group,majority,0.3869377695625385,final__none,final__none,31,pre_gen
all,behavior,cv_auroc,0.9148889618203697,final__none,final__none,31,pre_gen
all,behavior,refusal_rate,0.33466773418734985,final__none,final__none,31,pre_gen
false_reject,behavior,cv_auroc,0.8843120979456318,final__none,final__none,31,pre_gen
or_bench,behavior,cv_auroc,0.8300461298172968,final__none,final__none,31,pre_gen
xstest,behavior,cv_auroc,0.8131000121521449,final__none,final__none,31,pre_gen
all,group,transfer_accuracy,0.7152304195081628,base__none,sft__none,31,pre_gen
all,behavior,transfer_auroc,0.6771990087207479,base__none,sft__none,31,pre_gen
all,group,transfer_accuracy,0.7147843942505133,base__none,dpo__none,31,pre_gen
all,behavior,transfer_auroc,0.7380228479412642,base__none,dpo__none,31,pre_gen
all,group,transfer_accuracy,0.7089751489012117,base__none,final__none,31,pre_gen
all,behavior,transfer_auroc,0.7514034511944448,base__none,final__none,31,pre_gen
all,group,transfer_accuracy,0.9794661190965093,sft__none,dpo__none,31,pre_gen
all,behavior,transfer_auroc,0.9334859156912093,sft__none,dpo__none,31,pre_gen
all,group,transfer_accuracy,0.9730950913945369,sft__none,final__none,31,pre_gen
all,behavior,transfer_auroc,0.9424167573512054,sft__none,final__none,31,pre_gen
all,group,transfer_accuracy,0.9995892380365579,dpo__none,final__none,31,pre_gen
all,behavior,transfer_auroc,0.972955855342327,dpo__none,final__none,31,pre_gen
all,group,cv_accuracy,0.7651594812478093,base__none,base__none,31,first_gen
all,group,majority,0.33613739922888186,base__none,base__none,31,first_gen
all,behavior,cv_auroc,0.5742637739506449,base__none,base__none,31,first_gen
all,behavior,refusal_rate,0.1772679874869656,base__none,base__none,31,first_gen
false_reject,behavior,cv_auroc,0.5746951219512195,base__none,base__none,31,first_gen
or_bench,behavior,cv_auroc,0.6458099513655068,base__none,base__none,31,first_gen
xstest,behavior,cv_auroc,0.48388077858880774,base__none,base__none,31,first_gen
all,group,cv_accuracy,0.819590824550527,sft__none,sft__none,31,first_gen
all,group,majority,0.3883033684645588,sft__none,sft__none,31,first_gen
all,behavior,cv_auroc,0.920310768136855,sft__none,sft__none,31,first_gen
all,behavior,refusal_rate,0.4433734939759036,sft__none,sft__none,31,first_gen
false_reject,behavior,cv_auroc,0.9226887494339134,sft__none,sft__none,31,first_gen
or_bench,behavior,cv_auroc,0.881518987341772,sft__none,sft__none,31,first_gen
xstest,behavior,cv_auroc,0.7472761904761904,sft__none,sft__none,31,first_gen
all,group,cv_accuracy,0.811088295687885,dpo__none,dpo__none,31,first_gen
all,group,majority,0.3868583162217659,dpo__none,dpo__none,31,first_gen
all,behavior,cv_auroc,0.8854956674492847,dpo__none,dpo__none,31,first_gen
all,behavior,refusal_rate,0.3506805444355484,dpo__none,dpo__none,31,first_gen
false_reject,behavior,cv_auroc,0.8402188097749335,dpo__none,dpo__none,31,first_gen
or_bench,behavior,cv_auroc,0.7844610664920203,dpo__none,dpo__none,31,first_gen
xstest,behavior,cv_auroc,0.7557416267942584,dpo__none,dpo__none,31,first_gen
all,group,cv_accuracy,0.8108441158348737,final__none,final__none,31,first_gen
all,group,majority,0.3869377695625385,final__none,final__none,31,first_gen
all,behavior,cv_auroc,0.90076232590008,final__none,final__none,31,first_gen
all,behavior,refusal_rate,0.33466773418734985,final__none,final__none,31,first_gen
false_reject,behavior,cv_auroc,0.8704087985059141,final__none,final__none,31,first_gen
or_bench,behavior,cv_auroc,0.8033489520903708,final__none,final__none,31,first_gen
xstest,behavior,cv_auroc,0.7749422773119455,final__none,final__none,31,first_gen
all,group,transfer_accuracy,0.6491010539367638,base__none,sft__none,31,first_gen
all,behavior,transfer_auroc,0.6628683313465922,base__none,sft__none,31,first_gen
all,group,transfer_accuracy,0.5971252566735112,base__none,dpo__none,31,first_gen
all,behavior,transfer_auroc,0.770205901727953,base__none,dpo__none,31,first_gen
all,group,transfer_accuracy,0.5894434175395359,base__none,final__none,31,first_gen
all,behavior,transfer_auroc,0.7695605110577559,base__none,final__none,31,first_gen
all,group,transfer_accuracy,0.9390143737166324,sft__none,dpo__none,31,first_gen
all,behavior,transfer_auroc,0.9202433435242583,sft__none,dpo__none,31,first_gen
all,group,transfer_accuracy,0.933456561922366,sft__none,final__none,31,first_gen
all,behavior,transfer_auroc,0.9288630174056736,sft__none,final__none,31,first_gen
all,group,transfer_accuracy,0.9932224276032039,dpo__none,final__none,31,first_gen
all,behavior,transfer_auroc,0.9621140149355994,dpo__none,final__none,31,first_gen
